{
  "results": [
    {
      "id": 1098388,
      "usedIngredientCount": 2,
      "missedIngredientCount": 3,
      "likes": 0,
      "title": "Watermelon Salad with Feta, Walnut & Nigella Seeds",
      "image": "https://img.spoonacular.com/recipes/1098388-312x231.jpg",
      "imageType": "jpg"
    },
    {
      "id": 664912,
      "usedIngredientCount": 2,
      "missedIngredientCount": 3,
      "likes": 0,
      "title": "Waldorf Salad With Fresh Goat Cheese",
      "image": "https://img.spoonacular.com/recipes/664912-312x231.jpg",
      "imageType": "jpg"
    },
    {
      "id": 655438,
      "usedIngredientCount": 2,
      "missedIngredientCount": 6,
      "likes": 0,
      "title": "Pear Salad With Walnuts and Blue Cheese",
      "image": "https://img.spoonacular.com/recipes/655438-312x231.jpg",
      "imageType": "jpg"
    },
    {
      "id": 157344,
      "usedIngredientCount": 2,
      "missedIngredientCount": 8,
      "likes": 0,
      "title": "Spicy Salad with Kidney Beans, Cheddar, and Nuts",
      "image": "https://img.spoonacular.com/recipes/157344-312x231.jpg",
      "imageType": "jpg"
    },
    {
      "id": 661431,
      "usedIngredientCount": 2,
      "missedIngredientCount": 8,
      "likes": 0,
      "title": "Spring Salad with Radishes and Beets",
      "image": "https://img.spoonacular.com/recipes/661431-312x231.jpg",
      "imageType": "jpg"
    },
    {
      "id": 632862,
      "usedIngredientCount": 2,
      "missedIngredientCount": 8,
      "likes": 0,
      "title": "Asian Pear and Gorgonzola Salad With Pomegranate Vinaigrette",
      "image": "https://img.spoonacular.com/recipes/632862-312x231.jpg",
      "imageType": "jpg"
    },
    {
      "id": 658087,
      "usedIngredientCount": 2,
      "missedIngredientCount": 8,
      "likes": 0,
      "title": "Red Quinoa and Roasted Cauliflower Salad",
      "image": "https://img.spoonacular.com/recipes/658087-312x231.jpg",
      "imageType": "jpg"
    },
    {
      "id": 655783,
      "usedIngredientCount": 2,
      "missedIngredientCount": 9,
      "likes": 0,
      "title": "Persimmon, Pomegranate, and Goat Cheese Salad",
      "image": "https://img.spoonacular.com/recipes/655783-312x231.jpg",
      "imageType": "jpg"
    },
    {
      "id": 634767,
      "usedIngredientCount": 2,
      "missedIngredientCount": 10,
      "likes": 0,
      "title": "Beet and Blue Cheese Salad with Citrus Vinaigrette Dressing",
      "image": "https://img.spoonacular.com/recipes/634767-312x231.jpg",
      "imageType": "jpg"
    },
    {
      "id": 640798,
      "usedIngredientCount": 2,
      "missedIngredientCount": 14,
      "likes": 0,
      "title": "Crisp Winter Salad with Maple Gorgonzola Dressing",
      "image": "https://img.spoonacular.com/recipes/640798-312x231.jpg",
      "imageType": "jpg"
    },
    {
      "id": 663638,
      "usedIngredientCount": 1,
      "missedIngredientCount": 4,
      "likes": 0,
      "title": "Tomato Stack Salad",
      "image": "https://img.spoonacular.com/recipes/663638-312x231.jpg",
      "imageType": "jpg"
    },
    {
      "id": 653824,
      "usedIngredientCount": 1,
      "missedIngredientCount": 4,
      "likes": 0,
      "title": "Orange Cashew Salad",
      "image": "https://img.spoonacular.com/recipes/653824-312x231.jpg",
      "imageType": "jpg"
    },
    {
      "id": 643633,
      "usedIngredientCount": 1,
      "missedIngredientCount": 5,
      "likes": 0,
      "title": "Fresh Tomato Mozzarella Side Salad",
      "image": "https://img.spoonacular.com/recipes/643633-312x231.jpg",
      "imageType": "jpg"
    },
    {
      "id": 636958,
      "usedIngredientCount": 1,
      "missedIngredientCount": 5,
      "likes": 0,
      "title": "Caprese Sticks",
      "image": "https://img.spoonacular.com/recipes/636958-312x231.png",
      "imageType": "png"
    },
    {
      "id": 657537,
      "usedIngredientCount": 1,
      "missedIngredientCount": 6,
      "likes": 0,
      "title": "Quick and Easy Caprese Salad",
      "image": "https://img.spoonacular.com/recipes/657537-312x231.jpg",
      "imageType": "jpg"
    },
    {
      "id": 716416,
      "usedIngredientCount": 1,
      "missedIngredientCount": 6,
      "likes": 0,
      "title": "Tomato, Cucumber & Onion Salad with Feta Cheese: Real Convenience Food",
      "image": "https://img.spoonacular.com/recipes/716416-312x231.jpg",
      "imageType": "jpg"
    },
    {
      "id": 651448,
      "usedIngredientCount": 1,
      "missedIngredientCount": 7,
      "likes": 0,
      "title": "Mediterranean Watermelon Salad",
      "image": "https://img.spoonacular.com/recipes/651448-312x231.jpg",
      "imageType": "jpg"
    },
    {
      "id": 648275,
      "usedIngredientCount": 1,
      "missedIngredientCount": 7,
      "likes": 0,
      "title": "Italian Tomato and Mozzarella Caprese",
      "image": "https://img.spoonacular.com/recipes/648275-312x231.jpg",
      "imageType": "jpg"
    },
    {
      "id": 637067,
      "usedIngredientCount": 1,
      "missedIngredientCount": 7,
      "likes": 0,
      "title": "Caramelized Tofu & Gala Apple Salad",
      "image": "https://img.spoonacular.com/recipes/637067-312x231.jpg",
      "imageType": "jpg"
    },
    {
      "id": 658440,
      "usedIngredientCount": 1,
      "missedIngredientCount": 7,
      "likes": 0,
      "title": "Roast Fennel and Leek Salad with Butterbeans",
      "image": "https://img.spoonacular.com/recipes/658440-312x231.jpg",
      "imageType": "jpg"
    },
    {
      "id": 1098387,
      "usedIngredientCount": 1,
      "missedIngredientCount": 8,
      "likes": 0,
      "title": "Quinoa Salad with Barberries & Nuts",
      "image": "https://img.spoonacular.com/recipes/1098387-312x231.jpg",
      "imageType": "jpg"
    },
    {
      "id": 639948,
      "usedIngredientCount": 1,
      "missedIngredientCount": 8,
      "likes": 0,
      "title": "Colorful and Crunchy Pomegranate and Spinach Side Salad",
      "image": "https://img.spoonacular.com/recipes/639948-312x231.jpg",
      "imageType": "jpg"
    },
    {
      "id": 639954,
      "usedIngredientCount": 1,
      "missedIngredientCount": 8,
      "likes": 0,
      "title": "Colorful Wild Rice Salad",
      "image": "https://img.spoonacular.com/recipes/639954-312x231.jpg",
      "imageType": "jpg"
    },
    {
      "id": 632784,
      "usedIngredientCount": 1,
      "missedIngredientCount": 8,
      "likes": 0,
      "title": "Arugula and Pear Salad With Toasted Walnuts",
      "image": "https://img.spoonacular.com/recipes/632784-312x231.jpg",
      "imageType": "jpg"
    },
    {
      "id": 632788,
      "usedIngredientCount": 1,
      "missedIngredientCount": 8,
      "likes": 0,
      "title": "Arugula Salad With Pomegranate, Avocado and Goat Cheese",
      "image": "https://img.spoonacular.com/recipes/632788-312x231.jpg",
      "imageType": "jpg"
    },
    {
      "id": 646632,
      "usedIngredientCount": 1,
      "missedIngredientCount": 8,
      "likes": 0,
      "title": "Heirloom Tomato Salad With Blue Cheese",
      "image": "https://img.spoonacular.com/recipes/646632-312x231.jpg",
      "imageType": "jpg"
    },
    {
      "id": 642660,
      "usedIngredientCount": 1,
      "missedIngredientCount": 8,
      "likes": 0,
      "title": "Fennel and Orange Salad With Toasted Hazelnuts and Cranberries",
      "image": "https://img.spoonacular.com/recipes/642660-312x231.jpg",
      "imageType": "jpg"
    },
    {
      "id": 643505,
      "usedIngredientCount": 1,
      "missedIngredientCount": 9,
      "likes": 0,
      "title": "Fresh Green Bean and Tomato Salad with Creamy Garlic Dressing",
      "image": "https://img.spoonacular.com/recipes/643505-312x231.jpg",
      "imageType": "jpg"
    },
    {
      "id": 651823,
      "usedIngredientCount": 1,
      "missedIngredientCount": 9,
      "likes": 0,
      "title": "Middle Eastern Chopped Salad",
      "image": "https://img.spoonacular.com/recipes/651823-312x231.jpg",
      "imageType": "jpg"
    },
    {
      "id": 643945,
      "usedIngredientCount": 1,
      "missedIngredientCount": 9,
      "likes": 0,
      "title": "Fruit and Spinach Salad with \"Xocai Activ\" Vinaigrette",
      "image": "https://img.spoonacular.com/recipes/643945-312x231.jpg",
      "imageType": "jpg"
    },
    {
      "id": 631733,
      "usedIngredientCount": 1,
      "missedIngredientCount": 9,
      "likes": 0,
      "title": "Green Salad with Pomegranate Vinaigrette and Goat Cheese Garnish",
      "image": "https://img.spoonacular.com/recipes/631733-312x231.jpg",
      "imageType": "jpg"
    },
    {
      "id": 665041,
      "usedIngredientCount": 1,
      "missedIngredientCount": 9,
      "likes": 0,
      "title": "Watermelon, Feta And Mint Salad",
      "image": "https://img.spoonacular.com/recipes/665041-312x231.jpg",
      "imageType": "jpg"
    },
    {
      "id": 636604,
      "usedIngredientCount": 1,
      "missedIngredientCount": 9,
      "likes": 0,
      "title": "Butternut Squash Tofu Salad With Toasted Hazelnuts",
      "image": "https://img.spoonacular.com/recipes/636604-312x231.jpg",
      "imageType": "jpg"
    },
    {
      "id": 653819,
      "usedIngredientCount": 1,
      "missedIngredientCount": 9,
      "likes": 0,
      "title": "Orange Caprese Salad",
      "image": "https://img.spoonacular.com/recipes/653819-312x231.jpg",
      "imageType": "jpg"
    },
    {
      "id": 641583,
      "usedIngredientCount": 1,
      "missedIngredientCount": 9,
      "likes": 0,
      "title": "Double Blueberry Quinoa Salad",
      "image": "https://img.spoonacular.com/recipes/641583-312x231.jpg",
      "imageType": "jpg"
    },
    {
      "id": 634806,
      "usedIngredientCount": 1,
      "missedIngredientCount": 9,
      "likes": 0,
      "title": "Beetroot Feta Salad",
      "image": "https://img.spoonacular.com/recipes/634806-312x231.jpg",
      "imageType": "jpg"
    },
    {
      "id": 664969,
      "usedIngredientCount": 1,
      "missedIngredientCount": 10,
      "likes": 0,
      "title": "Warm Quinoa Spinach and Shiitake Salad",
      "image": "https://img.spoonacular.com/recipes/664969-312x231.jpg",
      "imageType": "jpg"
    },
    {
      "id": 658045,
      "usedIngredientCount": 1,
      "missedIngredientCount": 10,
      "likes": 0,
      "title": "Red Cabbage Salad with Quinoa, Blueberries & Cinnamon Walnuts",
      "image": "https://img.spoonacular.com/recipes/658045-312x231.jpg",
      "imageType": "jpg"
    },
    {
      "id": 662235,
      "usedIngredientCount": 1,
      "missedIngredientCount": 10,
      "likes": 0,
      "title": "Summer Pesto Noodle Salad",
      "image": "https://img.spoonacular.com/recipes/662235-312x231.jpg",
      "imageType": "jpg"
    },
    {
      "id": 658414,
      "usedIngredientCount": 1,
      "missedIngredientCount": 10,
      "likes": 0,
      "title": "Roast Cauliflower Salad with Green Beans and Cherry Tomatoes",
      "image": "https://img.spoonacular.com/recipes/658414-312x231.jpg",
      "imageType": "jpg"
    },
    {
      "id": 658498,
      "usedIngredientCount": 1,
      "missedIngredientCount": 11,
      "likes": 0,
      "title": "Roasted Beet and Radicchio Salad",
      "image": "https://img.spoonacular.com/recipes/658498-312x231.jpg",
      "imageType": "jpg"
    },
    {
      "id": 639510,
      "usedIngredientCount": 1,
      "missedIngredientCount": 12,
      "likes": 0,
      "title": "Citrus and Asparagus Salad",
      "image": "https://img.spoonacular.com/recipes/639510-312x231.jpg",
      "imageType": "jpg"
    },
    {
      "id": 649354,
      "usedIngredientCount": 1,
      "missedIngredientCount": 12,
      "likes": 0,
      "title": "Layered Greek Salad",
      "image": "https://img.spoonacular.com/recipes/649354-312x231.jpg",
      "imageType": "jpg"
    },
    {
      "id": 657716,
      "usedIngredientCount": 1,
      "missedIngredientCount": 12,
      "likes": 0,
      "title": "Radicchio & Endive Salad with Pecans, Apple & Mandarin",
      "image": "https://img.spoonacular.com/recipes/657716-312x231.jpg",
      "imageType": "jpg"
    },
    {
      "id": 642703,
      "usedIngredientCount": 1,
      "missedIngredientCount": 12,
      "likes": 0,
      "title": "feta-stuffed mini pepper salad",
      "image": "https://img.spoonacular.com/recipes/642703-312x231.jpg",
      "imageType": "jpg"
    },
    {
      "id": 661433,
      "usedIngredientCount": 1,
      "missedIngredientCount": 14,
      "likes": 0,
      "title": "Spring Salad with Walnut Vinaigrette",
      "image": "https://img.spoonacular.com/recipes/661433-312x231.jpg",
      "imageType": "jpg"
    }
  ],
  "offset": 0,
  "number": 100,
  "totalResults": 46
}
